<?xml version="1.0" encoding="UTF-8"?>
<project xmlns="http://maven.apache.org/POM/4.0.0"
         xmlns:xsi="http://www.w3.org/2001/XMLSchema-instance"
         xsi:schemaLocation="http://maven.apache.org/POM/4.0.0 http://maven.apache.org/xsd/maven-4.0.0.xsd">
    <modelVersion>4.0.0</modelVersion>

    <groupId>org.example</groupId>
    <artifactId>Spring</artifactId>
    <packaging>pom</packaging>
    <version>1.0-SNAPSHOT</version>

    
    <modules>
        <module>spring-01-helloworld</module>
        <module>spring-07-autowired</module>
        <module>spring-08-anno</module>
        <module>spring-08-appconfig</module>
        <module>spring-10-proxy</module>
        <module>spring-11-aop</module>
        <module>spring-30-mybatis-helloworld</module>
        <module>spring-31-mybatis-config</module>
        <module>spring-32-mybatis-manyone</module>
        <module>spring-32-mybatis-onemany</module>
        <module>spring-33-mybatis-dynamic-sql</module>
        <module>spring-34-mybatis-cache</module>
        <module>spring-12-mybatis</module>
        <module>spring-13-transaction</module>
    </modules>


    <dependencies>
        <dependency>
            <groupId>org.springframework</groupId>
            <artifactId>spring-webmvc</artifactId>
            <version>5.2.6.RELEASE</version>
        </dependency>

        <dependency>
            <groupId>org.aspectj</groupId>
            <artifactId>aspectjweaver</artifactId>
            <version>1.9.4</version>
        </dependency>


        <!--Spring的事务管理器、必须要用他-->
        <dependency>
            <groupId>org.springframework</groupId>
            <artifactId>spring-jdbc</artifactId>
            <version>5.2.6.RELEASE</version>
        </dependency>
        <!--mysql驱动-->
        <dependency>
            <groupId>mysql</groupId>
            <artifactId>mysql-connector-java</artifactId>
            <version>5.1.47</version>
        </dependency>
        <!--mybatis的包：-->
        <dependency>
            <groupId>org.mybatis</groupId>
            <artifactId>mybatis</artifactId>
            <version>3.5.2</version>
        </dependency>
        <!--spring整合mybatis的包-->
        <dependency>
            <groupId>org.mybatis</groupId>
            <artifactId>mybatis-spring</artifactId>
            <version>2.0.6</version>
        </dependency>


        <!--常见测试-->
        <dependency>
            <groupId>junit</groupId>
            <artifactId>junit</artifactId>
            <version>4.12</version>
            <scope>test</scope>
        </dependency>
        <dependency>
            <groupId>log4j</groupId>
            <artifactId>log4j</artifactId>
            <version>1.2.17</version>
        </dependency>

        <!--自动生成：getter/setter/constructor/allArgsConstructor等等-->
        <dependency>
            <groupId>org.projectlombok</groupId>
            <artifactId>lombok</artifactId>
            <version>1.18.10</version>
        </dependency>

    </dependencies>

    <build>
        <plugins>
            <plugin>
                <groupId>org.apache.maven.plugins</groupId>
                <artifactId>maven-compiler-plugin</artifactId>
                <!--                sun local 3.6.3-->
                <version>3.8.0</version>
                <configuration>
                    <source>12</source>
                    <target>12</target>
                </configuration>
            </plugin>
        </plugins>
        <resources>
            <!--配置资源过滤-->
            <resource>
                <directory>src/main/resources</directory>
                <includes>
                    <include>**/*.properties</include>
                    <include>**/*.xml</include>
                </includes>
                <filtering>true</filtering>
            </resource>
            <!--解决java目录下XML cannot be founded问题-->
            <resource>
                <directory>src/main/java</directory>
                <includes>
                    <include>**/*.properties</include>
                    <include>**/*.xml</include>
                </includes>
                <filtering>true</filtering>
            </resource>
        </resources>
    </build>

</project>