<?xml version="1.0" encoding="UTF-8" ?>
<!DOCTYPE configuration
        PUBLIC "-//mybatis.org//DTD Config 3.0//EN"
        "http://mybatis.org/dtd/mybatis-3-config.dtd">
<!--configuration核心配置文件-->
<configuration>

    <!-- 引入外部配置文件 -->
    <properties resource="db.properties"/>

    <settings>
        <!-- 标准的日志工厂实现 -->
        <setting name="logImpl" value="STDOUT_LOGGING"/>
    </settings>

    <!-- 可以给实体类起别名 -->
    <typeAliases>
        <package name="nuc.ss.pojo"/>
    </typeAliases>

    <!-- 环境选择 -->
    <environments default="development">
        <environment id="development">
            <transactionManager type="JDBC"/>
            <dataSource type="POOLED">
                <property name="driver" value="${driver}"/>
                <property name="url" value="${url}"/>
                <property name="username" value="${username}"/>
                <property name="password" value="${password}"/>
            </dataSource>
        </environment>
    </environments>

    <mappers>
        <mapper class="nuc.ss.dao.TeacherMapper"/>
        <mapper class="nuc.ss.dao.StudentMapper"/>
        <!--<mapper resource="nuc/ss/dao/TeacherMapper.xml"/>-->
        <!--<mapper resource="nuc/ss/dao/StudentMapper.xml"/>-->
    </mappers>
</configuration>