<?xml version="1.0" encoding="UTF-8" ?>
<!DOCTYPE configuration
        PUBLIC "-//mybatis.org//DTD Config 3.0//EN"
        "http://mybatis.org/dtd/mybatis-3-config.dtd">
<!--configuration核心配置文件-->
<configuration>

    <!-- 引入外部配置文件 -->
    <properties resource="db.properties"/>

    <!-- 可以给实体类起别名 -->
    <typeAliases>
        <!--<typeAlias type="nuc.ss.pojo.User" alias="User"/>-->
        <package name="nuc.ss.pojo"/>
    </typeAliases>

    <!-- 环境选择 -->
    <environments default="development">
        <environment id="development">
            <transactionManager type="JDBC"/>
            <dataSource type="POOLED">
                <property name="driver" value="${driver}"/>
                <property name="url" value="${url}"/>
                <property name="username" value="${username}"/>
                <property name="password" value="${password}"/>
            </dataSource>
        </environment>

        <environment id="test">
            <transactionManager type="JDBC"/>
            <dataSource type="POOLED">
                <property name="driver" value="com.mysql.jdbc.Driver"/>
                <property name="url"
                          value="jdbc:mysql://localhost:3306/mybatis?useSSL=true&amp;useUnicode=true&amp;characterEncoding=UTF-8"/>
                <property name="username" value="root"/>
                <property name="password" value="admin"/>
            </dataSource>
        </environment>
    </environments>
    <!--  每一个Mapper.XML都需要在Mybatis核心配置文件中注册  -->
    <mappers>
        <mapper resource="nuc/ss/dao/UserMapper.xml"/>
        <!--<mapper class="nuc.ss.dao.UserMapper"/>-->
        <!--<package name="nuc.ss.dao"/>-->
    </mappers>
</configuration>