<?xml version="1.0" encoding="UTF-8"?>
<beans xmlns="http://www.springframework.org/schema/beans"
       xmlns:xsi="http://www.w3.org/2001/XMLSchema-instance"
       xsi:schemaLocation="http://www.springframework.org/schema/beans
        https://www.springframework.org/schema/beans/spring-beans.xsd">

<!--    &lt;!&ndash;第一种，下标赋值&ndash;&gt;
<bean id="user" class="com.kuangng.pojo.User">
    <constructor-arg index="0" value="狂神说Java"/>
</bean>-->
<!--
    &lt;!&ndash;第二种方式：通过类型创建，不建议使用&ndash;&gt;
    <bean id="user" class="com.kuangng.pojo.User">
        <constructor-arg type="java.lang.String" value="尹锐"/>
    </bean>-->

    <!--第三种，直接通过参数名实现赋值-->
    <bean id="user" class="com.kuang.pojo.User">
        <constructor-arg name="name" value="kuang"/>
    </bean>

    <!--
    id：bean的唯一标识符，也就是相当于我们学的对象名
    class：bean对象所对应的全限定名：包名+类名
    name:也是别名，而且name可以同时取多个别名
    -->
    <bean id="userT" class="com.kuang.pojo.UserT" name="user2 u2,u3;u4">
        <property name="name" value="kuangshen"/>
    </bean>
</beans>